{
  "data": [
    {
      "finaldateIST": "Fri, 06 Dec 2019 00:00:00 GMT", 
      "subject": "9pm GL Post"
    }, 
    {
      "finaldateIST": "Mon, 09 Dec 2019 00:00:00 GMT", 
      "subject": "9pm GL Post"
    }, 
    {
      "finaldateIST": "Tue, 10 Dec 2019 00:00:00 GMT", 
      "subject": "9pm GL Post"
    }, 
    {
      "finaldateIST": "Wed, 11 Dec 2019 00:00:00 GMT", 
      "subject": "9pm GL Post"
    }, 
    {
      "finaldateIST": "Thu, 12 Dec 2019 00:00:00 GMT", 
      "subject": "9pm GL Post"
    }, 
    {
      "finaldateIST": "Fri, 13 Dec 2019 00:00:00 GMT", 
      "subject": "ARM Kickout&9pm GL Post"
    }, 
    {
      "finaldateIST": "Sat, 14 Dec 2019 00:00:00 GMT", 
      "subject": "Open 2 Way PO Accrual for Requester"
    }, 
    {
      "finaldateIST": "Mon, 16 Dec 2019 00:00:00 GMT", 
      "subject": "9pm GL Post"
    }, 
    {
      "finaldateIST": "Tue, 17 Dec 2019 00:00:00 GMT", 
      "subject": "9pm GL Post"
    }, 
    {
      "finaldateIST": "Wed, 18 Dec 2019 00:00:00 GMT", 
      "subject": "9pm GL Post"
    }, 
    {
      "finaldateIST": "Thu, 19 Dec 2019 00:00:00 GMT", 
      "subject": "AMT subledger close&Close 2 Way PO for Requester&9pm GL Post"
    }, 
    {
      "finaldateIST": "Fri, 20 Dec 2019 00:00:00 GMT", 
      "subject": "Post AMT JE\u2019s  9pm GL Post 9pm GL Post"
    }, 
    {
      "finaldateIST": "Mon, 23 Dec 2019 00:00:00 GMT", 
      "subject": "9pm GL Post"
    }, 
    {
      "finaldateIST": "Tue, 24 Dec 2019 00:00:00 GMT", 
      "subject": "*LABOR*8pm PRC149pm GL Post"
    }, 
    {
      "finaldateIST": "Wed, 25 Dec 2019 00:00:00 GMT", 
      "subject": "*AP Close*US  Holiday&Intl Stop Receiving 2:30am"
    }, 
    {
      "finaldateIST": "Thu, 26 Dec 2019 00:00:00 GMT", 
      "subject": "US & India Holiday&8pm PRC16&8pm Intl Inventory Close&9pm GL Post"
    }, 
    {
      "finaldateIST": "Fri, 27 Dec 2019 00:00:00 GMT", 
      "subject": "*FA Close*9pm GL Post"
    }, 
    {
      "finaldateIST": "Sat, 28 Dec 2019 00:00:00 GMT", 
      "subject": "*AR Close*GBR AP & Inventory CloseIntl  Projects Close"
    }, 
    {
      "finaldateIST": "Mon, 30 Dec 2019 00:00:00 GMT", 
      "subject": "End Fiscal Month&9pm Day 0 Close posting & Consolidation ( Intl & Cloud ledger closed)"
    }, 
    {
      "finaldateIST": "Tue, 31 Dec 2019 00:00:00 GMT", 
      "subject": "ARM Kickout&9pm GL Post"
    }, 
    {
      "finaldateIST": "Wed, 01 Jan 2020 00:00:00 GMT", 
      "subject": "US  Holiday&No GL Post"
    }, 
    {
      "finaldateIST": "Thu, 02 Jan 2020 00:00:00 GMT", 
      "subject": "US & India Holiday&No GL Post"
    }, 
    {
      "finaldateIST": "Fri, 03 Jan 2020 00:00:00 GMT", 
      "subject": "RF360 TB upload&9pm GL Post"
    }, 
    {
      "finaldateIST": "Mon, 06 Jan 2020 00:00:00 GMT", 
      "subject": "9pm GL Post"
    }, 
    {
      "finaldateIST": "Tue, 07 Jan 2020 00:00:00 GMT", 
      "subject": "Day 1 2020-03&10pm GL Post"
    }, 
    {
      "finaldateIST": "Wed, 08 Jan 2020 00:00:00 GMT", 
      "subject": "Day 2 2020-03&10pm GL PostProject & AR Close (US,GBR ledger)"
    }, 
    {
      "finaldateIST": "Thu, 09 Jan 2020 00:00:00 GMT", 
      "subject": "Day 3 2020-03&Restricted GL PostARM Kickout"
    }, 
    {
      "finaldateIST": "Fri, 10 Jan 2020 00:00:00 GMT", 
      "subject": "Day 4 2020-03&Restricted GL Post"
    }
  ], 
  "draw": 1, 
  "recordsFiltered": 29, 
  "recordsTotal": 29
}